longitude,latitude,mindex
8.263144500000001,48.960693600000006,0.35702953270368876
8.263144500000001,48.96969360000001,0.19367608309432405
8.263144500000001,48.97869360000001,0.05150918853533586
8.272144500000001,48.960693600000006,0.13303206311584748
8.272144500000001,48.96969360000001,0.1974873882867382
8.272144500000001,48.97869360000001,0.010810741215902954
8.281144500000002,48.960693600000006,0.22782480244253953
8.281144500000002,48.96969360000001,0.09132606811774786
8.281144500000002,48.97869360000001,0.01798120528259193
8.290144500000002,48.951693600000006,0.2810752252074879
8.290144500000002,48.960693600000006,0.23525276819444688
8.290144500000002,48.96969360000001,0.22766176330082832
8.290144500000002,48.97869360000001,0.1932789285331094
8.299144500000002,48.8886936,0.08738898056029867
8.299144500000002,48.897693600000004,0.12330201614669117
8.299144500000002,48.906693600000004,0.03155322180837357
8.299144500000002,48.951693600000006,0.1847822862036732
8.299144500000002,48.960693600000006,0.17814783043047863
8.299144500000002,48.96969360000001,0.09582854413884041
8.299144500000002,48.97869360000001,0.10034314047501876
8.299144500000002,48.98769360000001,0.12277451140307867
8.308144500000003,48.8616936,0.31029543097841267
8.308144500000003,48.8706936,0.391238846237721
8.308144500000003,48.8796936,0.02404219820296465
8.308144500000003,48.8886936,0.11194045517627936
8.308144500000003,48.897693600000004,0.3106025415742067
8.308144500000003,48.906693600000004,0.30295782613190736
8.308144500000003,48.915693600000004,0.3132751527772328
8.308144500000003,48.951693600000006,0.35017048825084723
8.308144500000003,48.960693600000006,0.10081700072337046
8.308144500000003,48.96969360000001,0.3954184259487732
8.308144500000003,48.97869360000001,0.9267198370179355
8.317144500000003,48.8616936,0.10151349081606052
8.317144500000003,48.8706936,0.04567178142596458
8.317144500000003,48.8796936,0.35734154923001005
8.317144500000003,48.8886936,0.3449393907977723
8.317144500000003,48.897693600000004,0.22858067724893594
8.317144500000003,48.906693600000004,0.08215807991969558
8.317144500000003,48.915693600000004,0.29470194283796664
8.317144500000003,48.951693600000006,0.18331884250678396
8.317144500000003,48.960693600000006,0.6338113159721075
8.317144500000003,48.96969360000001,0.986233744751203
8.317144500000003,48.97869360000001,0.900582655918281
8.326144500000003,48.8616936,0.3001525189308098
8.326144500000003,48.8706936,0.18563233259207418
8.326144500000003,48.8796936,0.005624275306717364
8.326144500000003,48.8886936,0.05745565722502999
8.326144500000003,48.897693600000004,0.2801940483387633
8.326144500000003,48.906693600000004,0.107500480725365
8.326144500000003,48.915693600000004,0.3502076083839981
8.326144500000003,48.951693600000006,0.8797048574342058
8.326144500000003,48.960693600000006,0.6917918668589127
8.326144500000003,48.96969360000001,0.8346011418144421
8.326144500000003,48.97869360000001,0.8271889568638656
8.326144500000003,48.98769360000001,0.8652233539899238
8.335144500000004,48.8526936,0.3086223186003141
8.335144500000004,48.8616936,0.17467237032241645
8.335144500000004,48.8706936,0.2408613593282871
8.335144500000004,48.8796936,0.36834189139201123
8.335144500000004,48.8886936,0.37595961068524947
8.335144500000004,48.897693600000004,0.33568016653466126
8.335144500000004,48.906693600000004,0.17772778417610355
8.335144500000004,48.915693600000004,0.021836562548204565
8.335144500000004,48.942693600000005,0.9161078712104878
8.335144500000004,48.951693600000006,0.6783446962875354
8.335144500000004,48.960693600000006,0.9337325437754339
8.335144500000004,48.96969360000001,0.9709479155338996
8.335144500000004,48.97869360000001,0.988241264672955
8.344144500000004,48.8526936,0.14106390455937495
8.344144500000004,48.8616936,0.1467221789263736
8.344144500000004,48.8706936,0.3981378548773181
8.344144500000004,48.8796936,0.2752413306369676
8.344144500000004,48.8886936,0.253060297757748
8.344144500000004,48.897693600000004,0.20125141589260032
8.344144500000004,48.906693600000004,0.21859935567340597
8.344144500000004,48.915693600000004,0.10897085563194553
8.344144500000004,48.942693600000005,0.6272771425702593
8.344144500000004,48.951693600000006,0.7477281079170349
8.344144500000004,48.960693600000006,0.7986026466801975
8.344144500000004,48.96969360000001,0.7045056757534885
8.344144500000004,48.97869360000001,0.6015449322228082
8.344144500000004,49.07769360000001,0.8677397960062649
8.353144500000004,48.8526936,0.3698791262297655
8.353144500000004,48.8616936,0.24539284596074393
8.353144500000004,48.8706936,0.3538264379915208
8.353144500000004,48.8796936,0.32466363358418704
8.353144500000004,48.8886936,0.09746585345670562
8.353144500000004,48.897693600000004,0.1283852876310041
8.353144500000004,48.906693600000004,0.2135232327461389
8.353144500000004,48.915693600000004,0.22684113205101455
8.353144500000004,48.924693600000005,0.9291440049411804
8.353144500000004,48.942693600000005,0.9207225412652802
8.353144500000004,48.951693600000006,0.8468651720090838
8.353144500000004,48.960693600000006,0.6539469635154121
8.353144500000004,48.96969360000001,0.7578584759788054
8.353144500000004,48.97869360000001,0.8696851097624694
8.353144500000004,49.06869360000001,0.9010636117638847
8.353144500000004,49.07769360000001,0.9107990374865355
8.353144500000004,49.08669360000001,0.8284081306251273
8.362144500000005,48.8526936,0.39294397959208427
8.362144500000005,48.8616936,0.33520220756109015
8.362144500000005,48.8706936,0.24226753106166277
8.362144500000005,48.8796936,0.15373399483271966
8.362144500000005,48.8886936,0.23556891360706989
8.362144500000005,48.897693600000004,0.2722563371009772
8.362144500000005,48.906693600000004,0.14066062377286634
8.362144500000005,48.915693600000004,0.09366853380178775
8.362144500000005,48.924693600000005,0.7848931436575901
8.362144500000005,48.933693600000005,0.7949420271362152
8.362144500000005,48.942693600000005,0.9450326443177475
8.362144500000005,48.951693600000006,0.6374255204012452
8.362144500000005,48.960693600000006,0.6456831758053011
8.362144500000005,48.96969360000001,0.7292484675425261
8.362144500000005,49.07769360000001,0.607252370928282
8.362144500000005,49.08669360000001,0.9585507145075748
8.362144500000005,49.09569360000001,0.7583784426209629
8.362144500000005,49.10469360000001,0.0479808394804246
8.371144500000005,48.8616936,0.006398434865471448
8.371144500000005,48.8706936,0.1543422826360258
8.371144500000005,48.8796936,0.37596340698446734
8.371144500000005,48.8886936,0.26522987571215956
8.371144500000005,48.897693600000004,0.22506116864329098
8.371144500000005,48.906693600000004,0.013338416665014919
8.371144500000005,48.915693600000004,0.7472106288107151
8.371144500000005,48.924693600000005,0.6413355473717449
8.371144500000005,48.933693600000005,0.7232494234071578
8.371144500000005,48.942693600000005,0.7253289435973793
8.371144500000005,48.951693600000006,0.7692668006521467
8.371144500000005,48.960693600000006,0.9728770959498264
8.371144500000005,48.96969360000001,0.7844388099269021
8.371144500000005,49.07769360000001,0.9798350137450726
8.371144500000005,49.08669360000001,0.676203890270006
8.371144500000005,49.09569360000001,0.6370073237313216
8.371144500000005,49.10469360000001,0.16430839652443635
8.371144500000005,49.11369360000001,0.22354765023613055
8.371144500000005,49.12269360000001,0.35583511877091867
8.371144500000005,49.13169360000001,0.2907594211875741
8.371144500000005,49.14069360000001,0.06117324162631976
8.371144500000005,49.158693600000014,0.07440436710996572
8.371144500000005,49.167693600000014,0.25490506330391144
8.380144500000005,48.8346936,0.1774134426527259
8.380144500000005,48.8616936,0.38885455354000903
8.380144500000005,48.8706936,0.2761307327651944
8.380144500000005,48.8796936,0.03571232684980213
8.380144500000005,48.8886936,0.2295525133425155
8.380144500000005,48.897693600000004,0.15143346307623845
8.380144500000005,48.906693600000004,0.37173847595935855
8.380144500000005,48.915693600000004,0.7640858914200477
8.380144500000005,48.924693600000005,0.9877995469410729
8.380144500000005,48.933693600000005,0.9532161995402004
8.380144500000005,48.942693600000005,0.9102828381291284
8.380144500000005,48.951693600000006,0.8216266390645928
8.380144500000005,48.960693600000006,0.9561343057766161
8.380144500000005,48.96969360000001,0.7161881398808062
8.380144500000005,49.07769360000001,0.9898988862442937
8.380144500000005,49.08669360000001,0.8479362258642362
8.380144500000005,49.09569360000001,0.7090496385344562
8.380144500000005,49.10469360000001,0.3930540707923543
8.380144500000005,49.11369360000001,0.3524559318026764
8.380144500000005,49.12269360000001,0.10945503893630426
8.380144500000005,49.13169360000001,0.059745324607689866
8.380144500000005,49.14069360000001,0.1679845438197309
8.380144500000005,49.14969360000001,0.04110365518761161
8.380144500000005,49.158693600000014,0.329529153717706
8.380144500000005,49.167693600000014,0.14860426339722346
8.380144500000005,49.176693600000014,0.25986863146265954
8.389144500000006,48.8526936,0.15654593594541288
8.389144500000006,48.8616936,0.3774930913630487
8.389144500000006,48.8706936,0.24252410904052135
8.389144500000006,48.8796936,0.23857510068332033
8.389144500000006,48.8886936,0.33375795036167233
8.389144500000006,48.897693600000004,0.21903624270190958
8.389144500000006,48.906693600000004,0.05316933210086257
8.389144500000006,48.915693600000004,0.6326949773913461
8.389144500000006,48.924693600000005,0.7697149176195655
8.389144500000006,48.933693600000005,0.790124136688175
8.389144500000006,48.942693600000005,0.7701571791634774
8.389144500000006,48.951693600000006,0.6963732956854456
8.389144500000006,48.960693600000006,0.7113691010400908
8.389144500000006,49.07769360000001,0.7483820202460588
8.389144500000006,49.08669360000001,0.7295966321554432
8.389144500000006,49.09569360000001,0.6858364519032233
8.389144500000006,49.10469360000001,0.6542512003668389
8.389144500000006,49.11369360000001,0.2086060898395087
8.389144500000006,49.12269360000001,0.30875492793850334
8.389144500000006,49.13169360000001,0.20823395995586325
8.389144500000006,49.14069360000001,0.1053612539107835
8.389144500000006,49.14969360000001,0.38672788958745513
8.389144500000006,49.158693600000014,0.04384445231657996
8.389144500000006,49.167693600000014,0.17713579813385763
8.389144500000006,49.176693600000014,0.34988159557136495
8.389144500000006,49.185693600000015,0.05231780327371145
8.389144500000006,49.194693600000015,0.31490856550155877
8.389144500000006,49.221693600000016,0.33700322590113874
8.389144500000006,49.230693600000016,0.21018786321798386
8.398144500000006,48.8616936,0.18464851565299104
8.398144500000006,48.8706936,0.10582610787336276
8.398144500000006,48.8796936,0.26056930892615865
8.398144500000006,48.8886936,0.19926410209652257
8.398144500000006,48.897693600000004,0.14575252197908153
8.398144500000006,48.906693600000004,0.29278819511947907
8.398144500000006,48.915693600000004,0.6976509815503319
8.398144500000006,48.924693600000005,0.8121679263180396
8.398144500000006,48.933693600000005,0.7054136849872229
8.398144500000006,48.942693600000005,0.7641942496260249
8.398144500000006,48.951693600000006,0.6908886422092047
8.398144500000006,49.06869360000001,0.8839389115536841
8.398144500000006,49.07769360000001,0.8606678967180481
8.398144500000006,49.08669360000001,0.6903418633496524
8.398144500000006,49.09569360000001,0.6882411289944187
8.398144500000006,49.10469360000001,0.987102825284397
8.398144500000006,49.11369360000001,0.17500139317145053
8.398144500000006,49.12269360000001,0.2609688570523912
8.398144500000006,49.13169360000001,0.11076987795846881
8.398144500000006,49.14069360000001,0.17347096808907858
8.398144500000006,49.14969360000001,0.11369851962518865
8.398144500000006,49.158693600000014,0.04746642563979431
8.398144500000006,49.167693600000014,0.27279843552453004
8.398144500000006,49.176693600000014,0.0809647954513416
8.398144500000006,49.185693600000015,0.23758170111926238
8.398144500000006,49.194693600000015,0.3200123934069701
8.398144500000006,49.203693600000015,0.3392125245323533
8.398144500000006,49.230693600000016,0.20038945161183785
8.398144500000006,49.23969360000002,0.35041282760470815
8.407144500000006,48.8616936,0.09935802875191087
8.407144500000006,48.8706936,0.19800179813542249
8.407144500000006,48.8796936,0.3439124469237027
8.407144500000006,48.8886936,0.0025066994360932963
8.407144500000006,48.897693600000004,0.20740502594057098
8.407144500000006,48.906693600000004,0.3928245504565131
8.407144500000006,48.915693600000004,0.7883105569699448
8.407144500000006,48.924693600000005,0.6094784405360537
8.407144500000006,48.933693600000005,0.9409330748355289
8.407144500000006,48.942693600000005,0.6515194806248906
8.407144500000006,48.951693600000006,0.9946306242292637
8.407144500000006,49.06869360000001,0.8571547227038929
8.407144500000006,49.07769360000001,0.6454144760908406
8.407144500000006,49.08669360000001,0.6823098173257276
8.407144500000006,49.09569360000001,0.7870610304681608
8.407144500000006,49.10469360000001,0.6955042833666566
8.407144500000006,49.11369360000001,0.3122902115422299
8.407144500000006,49.12269360000001,0.13644237751462285
8.407144500000006,49.13169360000001,0.07143777777014489
8.407144500000006,49.14069360000001,0.31459061262393206
8.407144500000006,49.14969360000001,0.10263101927230847
8.407144500000006,49.158693600000014,0.30252463333620483
8.407144500000006,49.167693600000014,0.15611069250518306
8.407144500000006,49.176693600000014,0.18134282737019897
8.407144500000006,49.185693600000015,0.01711939743457207
8.407144500000006,49.194693600000015,0.37993685768153274
8.407144500000006,49.203693600000015,0.35255934733680827
8.407144500000006,49.212693600000016,0.3530132114412424
8.407144500000006,49.221693600000016,0.183658971537113
8.407144500000006,49.230693600000016,0.13091970896678048
8.407144500000006,49.23969360000002,0.009252723542179986
8.416144500000007,48.8436936,0.0738375549084064
8.416144500000007,48.8526936,0.2535216007129646
8.416144500000007,48.8616936,0.00936612591747137
8.416144500000007,48.8706936,0.169560869260285
8.416144500000007,48.8796936,0.0021902175327464858
8.416144500000007,48.8886936,0.170666496440378
8.416144500000007,48.897693600000004,0.30055649913565885
8.416144500000007,48.906693600000004,0.3188237299077195
8.416144500000007,48.915693600000004,0.9092153833066403
8.416144500000007,48.924693600000005,0.6313945604313033
8.416144500000007,48.933693600000005,0.7074611434293296
8.416144500000007,48.942693600000005,0.6541821827596761
8.416144500000007,48.951693600000006,0.7202431728311853
8.416144500000007,48.960693600000006,0.9704862502553449
8.416144500000007,49.08669360000001,0.8051673191104958
8.416144500000007,49.09569360000001,0.933615989627972
8.416144500000007,49.10469360000001,0.8854480512178391
8.416144500000007,49.11369360000001,0.36769667538460915
8.416144500000007,49.12269360000001,0.27711370897072024
8.416144500000007,49.13169360000001,0.3711938322449669
8.416144500000007,49.14069360000001,0.24788514662717853
8.416144500000007,49.14969360000001,0.3030796146984741
8.416144500000007,49.158693600000014,0.23980174010641392
8.416144500000007,49.167693600000014,0.05196263778960173
8.416144500000007,49.176693600000014,0.2108002196164477
8.416144500000007,49.185693600000015,0.271948073760604
8.416144500000007,49.194693600000015,0.10545935096397385
8.416144500000007,49.203693600000015,0.3623964097562738
8.416144500000007,49.212693600000016,0.3985916269434361
8.416144500000007,49.221693600000016,0.3873399262632409
8.416144500000007,49.230693600000016,0.0013209760884511203
8.416144500000007,49.23969360000002,0.16366249938070807
8.416144500000007,49.24869360000002,0.3081987934269635
8.425144500000007,48.8346936,0.08122893974347178
8.425144500000007,48.8436936,0.1949292735712323
8.425144500000007,48.8526936,0.2527849010930076
8.425144500000007,48.8616936,0.021554069821259514
8.425144500000007,48.8706936,0.1241853990585013
8.425144500000007,48.8796936,0.14276027488153173
8.425144500000007,48.8886936,0.1319360580550813
8.425144500000007,48.897693600000004,0.22241182095085654
8.425144500000007,48.906693600000004,0.08889076799329582
8.425144500000007,48.915693600000004,0.6986220787424806
8.425144500000007,48.924693600000005,0.9924716662368709
8.425144500000007,48.933693600000005,0.6191519766992611
8.425144500000007,48.942693600000005,0.7145684148342499
8.425144500000007,48.951693600000006,0.9518484672328099
8.425144500000007,48.960693600000006,0.6429871480605395
8.425144500000007,49.09569360000001,0.9736358070870141
8.425144500000007,49.10469360000001,0.23147181503850658
8.425144500000007,49.11369360000001,0.053399089037019246
8.425144500000007,49.12269360000001,0.07205805268758102
8.425144500000007,49.13169360000001,0.07610128762092075
8.425144500000007,49.14069360000001,0.3952289958334044
8.425144500000007,49.14969360000001,0.08785751073438086
8.425144500000007,49.158693600000014,0.37581074798402697
8.425144500000007,49.167693600000014,0.19708961619746038
8.425144500000007,49.176693600000014,0.315699213740726
8.425144500000007,49.185693600000015,0.1796850728557987
8.425144500000007,49.194693600000015,0.098178133383085
8.425144500000007,49.203693600000015,0.05930323858366529
8.425144500000007,49.212693600000016,0.2576280482918034
8.425144500000007,49.221693600000016,0.34519834592041765
8.425144500000007,49.230693600000016,0.26756605159542524
8.425144500000007,49.23969360000002,0.17661363965659535
8.425144500000007,49.24869360000002,0.21710086233260206
8.434144500000007,48.8166936,0.37971631566183517
8.434144500000007,48.8256936,0.04195293790538282
8.434144500000007,48.8346936,0.3717582084181153
8.434144500000007,48.8436936,0.0719578612929964
8.434144500000007,48.8526936,0.3979915152934559
8.434144500000007,48.8616936,0.3627214197856177
8.434144500000007,48.8706936,0.05579537038386562
8.434144500000007,48.8796936,0.14346382886770134
8.434144500000007,48.8886936,0.2603860436791344
8.434144500000007,48.897693600000004,0.2641396710278213
8.434144500000007,48.906693600000004,0.1575571998042809
8.434144500000007,48.915693600000004,0.7408329676183243
8.434144500000007,48.924693600000005,0.9538725835485669
8.434144500000007,48.933693600000005,0.8863106382568895
8.434144500000007,48.942693600000005,0.659978731470907
8.434144500000007,48.951693600000006,0.8335920566074304
8.434144500000007,48.960693600000006,0.9379866748089778
8.434144500000007,48.96969360000001,0.8721887616858068
8.434144500000007,49.06869360000001,0.6931800718920197
8.434144500000007,49.07769360000001,0.7156132902711336
8.434144500000007,49.09569360000001,0.9561198474989364
8.434144500000007,49.10469360000001,0.37764286953124737
8.434144500000007,49.11369360000001,0.30533643261023447
8.434144500000007,49.12269360000001,0.026951897594347463
8.434144500000007,49.13169360000001,0.3493209598869499
8.434144500000007,49.14069360000001,0.14587855500581615
8.434144500000007,49.14969360000001,0.22705791676061382
8.434144500000007,49.158693600000014,0.3606042646029243
8.434144500000007,49.167693600000014,0.2008046279891682
8.434144500000007,49.176693600000014,0.041109582471109546
8.434144500000007,49.185693600000015,0.3381245500352097
8.434144500000007,49.194693600000015,0.3420497384772259
8.434144500000007,49.203693600000015,0.1965783263320544
8.434144500000007,49.212693600000016,0.38352752245257116
8.434144500000007,49.221693600000016,0.1586116797549059
8.434144500000007,49.230693600000016,0.0665725139519628
8.434144500000007,49.23969360000002,0.3570752293231294
8.434144500000007,49.24869360000002,0.28326695868389734
8.434144500000007,49.25769360000002,0.20148755004384022
8.443144500000008,48.8166936,0.28696886005835304
8.443144500000008,48.8256936,0.31164233704242755
8.443144500000008,48.8346936,0.19100355295168756
8.443144500000008,48.8436936,0.07050963180116825
8.443144500000008,48.8526936,0.06664701772721707
8.443144500000008,48.8616936,0.24835222096748108
8.443144500000008,48.8706936,0.3852773631278015
8.443144500000008,48.8796936,0.05923671187476867
8.443144500000008,48.8886936,0.0404060647086459
8.443144500000008,48.897693600000004,0.11937252700183892
8.443144500000008,48.906693600000004,0.329951150387615
8.443144500000008,48.915693600000004,0.6625565761700528
8.443144500000008,48.924693600000005,0.6695610936080265
8.443144500000008,48.933693600000005,0.9424365009542655
8.443144500000008,48.942693600000005,0.6679330380498316
8.443144500000008,48.951693600000006,0.8660950967915029
8.443144500000008,48.960693600000006,0.7315652181811699
8.443144500000008,49.05969360000001,0.6690508895113613
8.443144500000008,49.06869360000001,0.7708251584965597
8.443144500000008,49.07769360000001,0.7583273543737594
8.443144500000008,49.08669360000001,0.7440539582998256
8.443144500000008,49.09569360000001,0.7015058997150936
8.443144500000008,49.10469360000001,0.18454166226989735
8.443144500000008,49.11369360000001,0.21516226986868886
8.443144500000008,49.12269360000001,0.33071141222932443
8.443144500000008,49.13169360000001,0.03922847674842642
8.443144500000008,49.14069360000001,0.38772933048077185
8.443144500000008,49.14969360000001,0.3621619613112217
8.443144500000008,49.158693600000014,0.29486235853794646
8.443144500000008,49.167693600000014,0.0450833771256125
8.443144500000008,49.176693600000014,0.24299674994666542
8.443144500000008,49.185693600000015,0.2718424548478458
8.443144500000008,49.194693600000015,0.2565649772589304
8.443144500000008,49.203693600000015,0.18938586055065265
8.443144500000008,49.212693600000016,0.3828596893643308
8.443144500000008,49.221693600000016,0.2097739198517271
8.443144500000008,49.230693600000016,0.12474903878027557
8.443144500000008,49.23969360000002,0.37568090740318527
8.443144500000008,49.24869360000002,0.3976539511906021
8.443144500000008,49.25769360000002,0.3118424400428495
8.452144500000008,48.8256936,0.10075133991947847
8.452144500000008,48.8346936,0.045250890098082586
8.452144500000008,48.8436936,0.39837395901426553
8.452144500000008,48.8526936,0.3180551991113002
8.452144500000008,48.8616936,0.010885188110412926
8.452144500000008,48.8706936,0.3263926122438959
8.452144500000008,48.8796936,0.10253865422302857
8.452144500000008,48.8886936,0.13812767180469798
8.452144500000008,48.897693600000004,0.29632154152213447
8.452144500000008,48.906693600000004,0.31706553886826766
8.452144500000008,48.915693600000004,0.24560906889066503
8.452144500000008,48.924693600000005,0.7035167221712352
8.452144500000008,48.933693600000005,0.9312210769259982
8.452144500000008,48.942693600000005,0.6853985407940983
8.452144500000008,49.05069360000001,0.8549901143855665
8.452144500000008,49.05969360000001,0.9799719099237559
8.452144500000008,49.06869360000001,0.6204189963402459
8.452144500000008,49.07769360000001,0.867877457483729
8.452144500000008,49.08669360000001,0.9418218953706752
8.452144500000008,49.09569360000001,0.3356425290019389
8.452144500000008,49.10469360000001,0.3699232739400081
8.452144500000008,49.11369360000001,0.09594040902542328
8.452144500000008,49.12269360000001,0.06965437602029448
8.452144500000008,49.13169360000001,0.35240294701496294
8.452144500000008,49.14069360000001,0.23309148730634144
8.452144500000008,49.14969360000001,0.040637560338749525
8.452144500000008,49.158693600000014,0.03270344326620807
8.452144500000008,49.167693600000014,0.11065658922869544
8.452144500000008,49.176693600000014,0.11998984536962705
8.452144500000008,49.185693600000015,0.2258496541304547
8.452144500000008,49.194693600000015,0.37904861487434727
8.452144500000008,49.203693600000015,0.08847816510425117
8.452144500000008,49.212693600000016,0.3498403207039263
8.452144500000008,49.221693600000016,0.07035794653155687
8.452144500000008,49.230693600000016,0.07497036792729982
8.452144500000008,49.23969360000002,0.16621636941792867
8.452144500000008,49.24869360000002,0.23684474761786778
8.452144500000008,49.25769360000002,0.26449604701235846
8.452144500000008,49.26669360000002,0.2691331439698448
8.461144500000009,48.8256936,0.2819637177569397
8.461144500000009,48.8346936,0.33235576459938765
8.461144500000009,48.8436936,0.26581182362790434
8.461144500000009,48.8526936,0.13851397185017916
8.461144500000009,48.8616936,0.0165274403788807
8.461144500000009,48.8706936,0.12108278718325645
8.461144500000009,48.8796936,0.24320189901444064
8.461144500000009,48.8886936,0.3046893249118264
8.461144500000009,48.897693600000004,0.09092489945828253
8.461144500000009,48.906693600000004,0.20329791979867498
8.461144500000009,48.915693600000004,0.27942980987720717
8.461144500000009,48.924693600000005,0.17591052362453638
8.461144500000009,48.933693600000005,0.8084064315408461
8.461144500000009,49.05069360000001,0.9456337853938177
8.461144500000009,49.05969360000001,0.8753755525091346
8.461144500000009,49.06869360000001,0.6593524658098805
8.461144500000009,49.07769360000001,0.9349545052252248
8.461144500000009,49.08669360000001,0.6246849744473691
8.461144500000009,49.09569360000001,0.11029942226360277
8.461144500000009,49.10469360000001,0.002269907076922184
8.461144500000009,49.11369360000001,0.3647738139057459
8.461144500000009,49.12269360000001,0.20191604711957775
8.461144500000009,49.13169360000001,0.2941449049114538
8.461144500000009,49.14069360000001,0.015102341783766305
8.461144500000009,49.14969360000001,0.1337968609533741
8.461144500000009,49.158693600000014,0.2595360370616728
8.461144500000009,49.167693600000014,0.11400425749321515
8.461144500000009,49.176693600000014,0.2769272745512516
8.461144500000009,49.185693600000015,0.28861340301083943
8.461144500000009,49.194693600000015,0.1349600292623522
8.461144500000009,49.203693600000015,0.21985641238977452
8.461144500000009,49.212693600000016,0.053324661138336275
8.461144500000009,49.221693600000016,0.3484206357764088
8.461144500000009,49.230693600000016,0.27007616569072074
8.461144500000009,49.23969360000002,0.23829981065927247
8.461144500000009,49.24869360000002,0.03171118447064641
8.461144500000009,49.25769360000002,0.2753698619186295
8.461144500000009,49.26669360000002,0.12294830455928173
8.461144500000009,49.27569360000002,0.09114833305238941
8.470144500000009,48.8256936,0.31831064007808396
8.470144500000009,48.8346936,0.06903564584675391
8.470144500000009,48.8436936,0.22649975404585632
8.470144500000009,48.8526936,0.04524339686829957
8.470144500000009,48.8616936,0.14836262020597665
8.470144500000009,48.8706936,0.020802694335492467
8.470144500000009,48.8796936,0.3125303642266062
8.470144500000009,48.8886936,0.2677071733516269
8.470144500000009,48.897693600000004,0.043416541071015
8.470144500000009,48.906693600000004,0.10869926669058626
8.470144500000009,48.915693600000004,0.3927477357445812
8.470144500000009,48.924693600000005,0.0026214540514777787
8.470144500000009,48.933693600000005,0.9985662859291482
8.470144500000009,49.04169360000001,0.8942673878788479
8.470144500000009,49.05069360000001,0.717132139374101
8.470144500000009,49.05969360000001,0.9133448389700977
8.470144500000009,49.06869360000001,0.8283566919428464
8.470144500000009,49.07769360000001,0.726490130695682
8.470144500000009,49.08669360000001,0.3717971535410747
8.470144500000009,49.09569360000001,0.239672663624078
8.470144500000009,49.10469360000001,0.11175840751299622
8.470144500000009,49.11369360000001,0.022108539962744447
8.470144500000009,49.12269360000001,0.2820896323931267
8.470144500000009,49.13169360000001,0.3252129020101757
8.470144500000009,49.14069360000001,0.1581727715611645
8.470144500000009,49.14969360000001,0.14195573795682576
8.470144500000009,49.158693600000014,0.38357111527111487
8.470144500000009,49.167693600000014,0.20590624389778062
8.470144500000009,49.176693600000014,0.034262861668284565
8.470144500000009,49.185693600000015,0.10641659985627237
8.470144500000009,49.194693600000015,0.13883261360251462
8.470144500000009,49.203693600000015,0.16463039315918
8.470144500000009,49.212693600000016,0.29106343641995625
8.470144500000009,49.221693600000016,0.19592003570044902
8.470144500000009,49.230693600000016,0.13925576530463676
8.470144500000009,49.23969360000002,0.11673670007640502
8.470144500000009,49.24869360000002,0.054261995445380865
8.470144500000009,49.25769360000002,0.2893500066408266
8.470144500000009,49.26669360000002,0.24396657410606887
8.470144500000009,49.27569360000002,0.3452811326252273
8.47914450000001,48.8256936,0.36403150109216387
8.47914450000001,48.8526936,0.21726813603367456
8.47914450000001,48.8616936,0.13052491296648858
8.47914450000001,48.8706936,0.10076502787024669
8.47914450000001,48.8796936,0.11208333383723637
8.47914450000001,48.8886936,0.12719721593621736
8.47914450000001,48.897693600000004,0.30436873531432473
8.47914450000001,48.906693600000004,0.05764136914982365
8.47914450000001,48.915693600000004,0.007794002772253128
8.47914450000001,48.924693600000005,0.1200230347807747
8.47914450000001,48.933693600000005,0.385626444197131
8.47914450000001,49.06869360000001,0.7460148602716683
8.47914450000001,49.07769360000001,0.16429426396268365
8.47914450000001,49.08669360000001,0.29044739910342243
8.47914450000001,49.09569360000001,0.21632725511935527
8.47914450000001,49.10469360000001,0.07101673735155654
8.47914450000001,49.11369360000001,0.14230086954975124
8.47914450000001,49.12269360000001,0.2486193735467751
8.47914450000001,49.13169360000001,0.22653360447847148
8.47914450000001,49.14069360000001,0.273230427220908
8.47914450000001,49.14969360000001,0.2698684422505503
8.47914450000001,49.158693600000014,0.16779567783135954
8.47914450000001,49.167693600000014,0.2952884872780214
8.47914450000001,49.176693600000014,0.13612341961075133
8.47914450000001,49.185693600000015,0.1451779937103829
8.47914450000001,49.194693600000015,0.23523351969489403
8.47914450000001,49.203693600000015,0.16562848639201777
8.47914450000001,49.212693600000016,0.19930976738348916
8.47914450000001,49.221693600000016,0.23319166158471707
8.47914450000001,49.230693600000016,0.1295974504066884
8.47914450000001,49.23969360000002,0.16643099673275152
8.47914450000001,49.24869360000002,0.33202311590708605
8.47914450000001,49.25769360000002,0.0678543619049695
8.47914450000001,49.26669360000002,0.3291784376767609
8.47914450000001,49.27569360000002,0.1890581078516248
8.47914450000001,49.28469360000002,0.12181632011312304
8.48814450000001,48.8526936,0.1850463374040484
8.48814450000001,48.8616936,0.2857229706928381
8.48814450000001,48.8706936,0.14694757606034853
8.48814450000001,48.8796936,0.2550056714417172
8.48814450000001,48.8886936,0.22015396693257971
8.48814450000001,48.897693600000004,0.24962833938295184
8.48814450000001,48.906693600000004,0.3595566984652838
8.48814450000001,48.915693600000004,0.33331838168009087
8.48814450000001,48.924693600000005,0.1658820546972208
8.48814450000001,48.933693600000005,0.345880201905291
8.48814450000001,49.05969360000001,0.6104312340398929
8.48814450000001,49.06869360000001,0.15957599154414331
8.48814450000001,49.07769360000001,0.13179683096421577
8.48814450000001,49.08669360000001,0.0666449063742562
8.48814450000001,49.09569360000001,0.39907438509260107
8.48814450000001,49.10469360000001,0.34610212809896623
8.48814450000001,49.11369360000001,0.004856506712803466
8.48814450000001,49.12269360000001,0.3200302525306171
8.48814450000001,49.13169360000001,0.07835547685237568
8.48814450000001,49.14069360000001,0.31139687596243165
8.48814450000001,49.14969360000001,0.12684994369653776
8.48814450000001,49.158693600000014,0.28793566373189267
8.48814450000001,49.167693600000014,0.1716529623443288
8.48814450000001,49.176693600000014,0.35694896576426033
8.48814450000001,49.185693600000015,0.03502481381825789
8.48814450000001,49.194693600000015,0.15917829711802656
8.48814450000001,49.203693600000015,0.03731663629711721
8.48814450000001,49.212693600000016,0.30591625255567584
8.48814450000001,49.221693600000016,0.29353109345217454
8.48814450000001,49.230693600000016,0.05762936771353466
8.48814450000001,49.23969360000002,0.3999482216469294
8.48814450000001,49.24869360000002,0.31841873868823267
8.48814450000001,49.25769360000002,0.08088197031746014
8.48814450000001,49.26669360000002,0.3333385271225731
8.48814450000001,49.27569360000002,0.1802711037733693
8.48814450000001,49.28469360000002,0.20985580129621897
8.49714450000001,48.8616936,0.32769136528332254
8.49714450000001,48.8706936,0.19216607999176902
8.49714450000001,48.8796936,0.2723498616230421
8.49714450000001,48.8886936,0.306767812055893
8.49714450000001,48.897693600000004,0.39310468760351686
8.49714450000001,48.906693600000004,0.3630165544755882
8.49714450000001,48.915693600000004,0.3297777936736068
8.49714450000001,48.924693600000005,0.2765428185869581
8.49714450000001,48.933693600000005,0.3286584244289316
8.49714450000001,49.05069360000001,0.1620779137975762
8.49714450000001,49.05969360000001,0.11266177686336563
8.49714450000001,49.06869360000001,0.25310561419934974
8.49714450000001,49.07769360000001,0.27912506080538246
8.49714450000001,49.08669360000001,0.35538551013939484
8.49714450000001,49.09569360000001,0.11241453871877433
8.49714450000001,49.10469360000001,0.27617553664367056
8.49714450000001,49.11369360000001,0.34087371006037154
8.49714450000001,49.12269360000001,0.2703448687789373
8.49714450000001,49.13169360000001,0.11206029346453228
8.49714450000001,49.14069360000001,0.1239738937322013
8.49714450000001,49.14969360000001,0.3220454588730093
8.49714450000001,49.158693600000014,0.31101746283104165
8.49714450000001,49.167693600000014,0.01272713364215532
8.49714450000001,49.176693600000014,0.29978319724070474
8.49714450000001,49.185693600000015,0.138317452343835
8.49714450000001,49.194693600000015,0.3625216226277077
8.49714450000001,49.203693600000015,0.39032694025803333
8.49714450000001,49.212693600000016,0.20208679347173023
8.49714450000001,49.221693600000016,0.32611969214676795
8.49714450000001,49.230693600000016,0.060285891457830455
8.49714450000001,49.23969360000002,0.16135448666171426
8.49714450000001,49.24869360000002,0.29344254542057796
8.49714450000001,49.25769360000002,0.17455713406382928
8.49714450000001,49.26669360000002,0.3922600236466719
8.49714450000001,49.27569360000002,0.12325940580923628
8.49714450000001,49.28469360000002,0.218371758466928
8.50614450000001,48.8616936,0.09552195647631456
8.50614450000001,48.8706936,0.39157711514410476
8.50614450000001,48.8796936,0.3652303039831158
8.50614450000001,48.8886936,0.1412049280791476
8.50614450000001,48.897693600000004,0.3987688479401994
8.50614450000001,48.906693600000004,0.16168499348646792
8.50614450000001,48.915693600000004,0.38854610540053836
8.50614450000001,48.924693600000005,0.11229011312355947
8.50614450000001,48.933693600000005,0.12406024557873163
8.50614450000001,48.98769360000001,0.17527200664491321
8.50614450000001,48.99669360000001,0.32376225649087287
8.50614450000001,49.05069360000001,0.06712220697517042
8.50614450000001,49.05969360000001,0.29744829319162386
8.50614450000001,49.06869360000001,0.28860009538757725
8.50614450000001,49.07769360000001,0.11724773847477228
8.50614450000001,49.08669360000001,0.6876268127420058
8.50614450000001,49.09569360000001,0.6491927246381147
8.50614450000001,49.10469360000001,0.874133726051612
8.50614450000001,49.11369360000001,0.8548963870369937
8.50614450000001,49.12269360000001,0.7938528955854129
8.50614450000001,49.13169360000001,0.9352203181741842
8.50614450000001,49.14069360000001,0.9054392821089575
8.50614450000001,49.14969360000001,0.6007247017403635
8.50614450000001,49.158693600000014,0.625471893265124
8.50614450000001,49.167693600000014,0.24583419866986367
8.50614450000001,49.176693600000014,0.21471888038153747
8.50614450000001,49.185693600000015,0.3912522359519962
8.50614450000001,49.194693600000015,0.12532603141571524
8.50614450000001,49.203693600000015,0.015846892880578566
8.50614450000001,49.212693600000016,0.18628265382139336
8.50614450000001,49.221693600000016,0.10144301383073451
8.50614450000001,49.230693600000016,0.36640091846068024
8.50614450000001,49.23969360000002,0.2996918073929428
8.50614450000001,49.24869360000002,0.32193704041053395
8.50614450000001,49.25769360000002,0.1735918942184468
8.50614450000001,49.26669360000002,0.1616516638072549
8.50614450000001,49.27569360000002,0.10750753282786839
8.51514450000001,48.8706936,0.037272230774776684
8.51514450000001,48.8796936,0.16716032954797405
8.51514450000001,48.8886936,0.06403184392894944
8.51514450000001,48.897693600000004,0.21085530505950786
8.51514450000001,48.906693600000004,0.3291914628076515
8.51514450000001,48.915693600000004,0.3479830855374455
8.51514450000001,48.924693600000005,0.05885638970056677
8.51514450000001,48.933693600000005,0.284086689354861
8.51514450000001,48.942693600000005,0.26521574126858766
8.51514450000001,48.96969360000001,0.006485497567623133
8.51514450000001,48.97869360000001,0.021489486838507734
8.51514450000001,48.98769360000001,0.386067824654474
8.51514450000001,48.99669360000001,0.1815548930517081
8.51514450000001,49.00569360000001,0.3298318144440958
8.51514450000001,49.04169360000001,0.36849270516571736
8.51514450000001,49.05069360000001,0.24881573652554156
8.51514450000001,49.05969360000001,0.3040981258169788
8.51514450000001,49.06869360000001,0.8302638045024426
8.51514450000001,49.07769360000001,0.914235925675434
8.51514450000001,49.08669360000001,0.7320576310959925
8.51514450000001,49.09569360000001,0.9528700682809308
8.51514450000001,49.10469360000001,0.8411844904816403
8.51514450000001,49.11369360000001,0.6426377292253175
8.51514450000001,49.12269360000001,0.833867121324999
8.51514450000001,49.13169360000001,0.9601646402047314
8.51514450000001,49.14069360000001,0.6277294050208962
8.51514450000001,49.14969360000001,0.7570923036410971
8.51514450000001,49.158693600000014,0.6710939912005798
8.51514450000001,49.167693600000014,0.9140708180521371
8.51514450000001,49.176693600000014,0.6462499040674917
8.51514450000001,49.185693600000015,0.1392477169642534
8.51514450000001,49.194693600000015,0.3933900020914836
8.51514450000001,49.203693600000015,0.24742384452504732
8.51514450000001,49.212693600000016,0.017571901242075774
8.51514450000001,49.221693600000016,0.06262304802345918
8.51514450000001,49.230693600000016,0.06749866477763314
8.51514450000001,49.23969360000002,0.30588845617563787
8.51514450000001,49.24869360000002,0.332801137222442
8.51514450000001,49.25769360000002,0.3461408916287001
8.51514450000001,49.26669360000002,0.13493436071881396
8.51514450000001,49.27569360000002,0.2511702568654583
8.524144500000011,48.8796936,0.357136736102762
8.524144500000011,48.906693600000004,0.18177074962504777
8.524144500000011,48.915693600000004,0.10329644527121946
8.524144500000011,48.924693600000005,0.3409980709182987
8.524144500000011,48.933693600000005,0.011149754789860689
8.524144500000011,48.942693600000005,0.2664100988013201
8.524144500000011,48.951693600000006,0.02472346440657991
8.524144500000011,48.96969360000001,0.0005365313604006605
8.524144500000011,48.97869360000001,0.16284720006255876
8.524144500000011,48.98769360000001,0.00407527007395414
8.524144500000011,48.99669360000001,0.32589416385668624
8.524144500000011,49.00569360000001,0.23169437883832777
8.524144500000011,49.01469360000001,0.3942074713476217
8.524144500000011,49.02369360000001,0.03966398063313066
8.524144500000011,49.03269360000001,0.1071548049786129
8.524144500000011,49.04169360000001,0.3423235983063327
8.524144500000011,49.05069360000001,0.23911435284997445
8.524144500000011,49.05969360000001,0.8264444640810525
8.524144500000011,49.06869360000001,0.6134161356123107
8.524144500000011,49.07769360000001,0.9458253284821436
8.524144500000011,49.08669360000001,0.742578295816311
8.524144500000011,49.09569360000001,0.9563840437658194
8.524144500000011,49.10469360000001,0.8918549076799771
8.524144500000011,49.11369360000001,0.9592960773756304
8.524144500000011,49.12269360000001,0.9073187220392744
8.524144500000011,49.13169360000001,0.8043020917283824
8.524144500000011,49.14069360000001,0.6792309807344455
8.524144500000011,49.14969360000001,0.6871182560474118
8.524144500000011,49.158693600000014,0.9519662445099564
8.524144500000011,49.167693600000014,0.8400354055400748
8.524144500000011,49.176693600000014,0.9164447885307038
8.524144500000011,49.185693600000015,0.6243622377093595
8.524144500000011,49.194693600000015,0.019669287623980836
8.524144500000011,49.203693600000015,0.04248265242959888
8.524144500000011,49.212693600000016,0.20200694380450956
8.524144500000011,49.221693600000016,0.023538094808111865
8.524144500000011,49.230693600000016,0.30235774763073975
8.524144500000011,49.23969360000002,0.2545269495821554
8.524144500000011,49.24869360000002,0.04529642668792273
8.524144500000011,49.25769360000002,0.21709538980675297
8.524144500000011,49.26669360000002,0.2578813895726636
8.533144500000011,48.906693600000004,0.3389983574447898
8.533144500000011,48.915693600000004,0.1597438631152462
8.533144500000011,48.924693600000005,0.3992041182881223
8.533144500000011,48.933693600000005,0.09045912327514079
8.533144500000011,48.942693600000005,0.31975552628028664
8.533144500000011,48.951693600000006,0.39163795493250286
8.533144500000011,48.96969360000001,0.3560248913951641
8.533144500000011,48.97869360000001,0.05115489749377966
8.533144500000011,48.98769360000001,0.3395911409294262
8.533144500000011,48.99669360000001,0.17517281732955295
8.533144500000011,49.00569360000001,0.1942775057553246
8.533144500000011,49.01469360000001,0.09144509180228969
8.533144500000011,49.02369360000001,0.07369184589083676
8.533144500000011,49.03269360000001,0.31924215351266877
8.533144500000011,49.04169360000001,0.11643022294532185
8.533144500000011,49.05069360000001,0.7258911819417959
8.533144500000011,49.05969360000001,0.6728719444215505
8.533144500000011,49.06869360000001,0.8916900050029679
8.533144500000011,49.07769360000001,0.7369729893748108
8.533144500000011,49.08669360000001,0.7569997947827716
8.533144500000011,49.09569360000001,0.6205313284328178
8.533144500000011,49.10469360000001,0.616811911934671
8.533144500000011,49.11369360000001,0.6037893895152154
8.533144500000011,49.12269360000001,0.9495558765048322
8.533144500000011,49.13169360000001,0.6952811871349394
8.533144500000011,49.14069360000001,0.9154760133863681
8.533144500000011,49.14969360000001,0.9817011489809122
8.533144500000011,49.158693600000014,0.9254821663712698
8.533144500000011,49.167693600000014,0.7817447909945567
8.533144500000011,49.176693600000014,0.6792688253187257
8.533144500000011,49.185693600000015,0.7356221869288389
8.533144500000011,49.194693600000015,0.796567316771058
8.533144500000011,49.203693600000015,0.22814899566479363
8.533144500000011,49.212693600000016,0.3605935533602984
8.533144500000011,49.221693600000016,0.29973779734188133
8.533144500000011,49.230693600000016,0.11334600555012497
8.533144500000011,49.23969360000002,0.06352379740547831
8.533144500000011,49.24869360000002,0.026715055851434813
8.533144500000011,49.25769360000002,0.0256049600304074
8.542144500000012,48.915693600000004,0.16756736531839703
8.542144500000012,48.924693600000005,0.07609344624686801
8.542144500000012,48.960693600000006,0.09297266312010902
8.542144500000012,48.96969360000001,0.044423812594614503
8.542144500000012,48.97869360000001,0.20867642803359862
8.542144500000012,48.98769360000001,0.34347681513190187
8.542144500000012,48.99669360000001,0.22708946592889553
8.542144500000012,49.00569360000001,0.37763364017214673
8.542144500000012,49.01469360000001,0.2527437238998474
8.542144500000012,49.02369360000001,0.10989523231568224
8.542144500000012,49.03269360000001,0.22694720289977377
8.542144500000012,49.04169360000001,0.6830150070314757
8.542144500000012,49.05069360000001,0.6192185590622777
8.542144500000012,49.05969360000001,0.6458968065084432
8.542144500000012,49.06869360000001,0.6374959727970435
8.542144500000012,49.07769360000001,0.8414129778846631
8.542144500000012,49.08669360000001,0.8742303839622048
8.542144500000012,49.09569360000001,0.7348138125842218
8.542144500000012,49.10469360000001,0.8809925542329032
8.542144500000012,49.11369360000001,0.8121820112566484
8.542144500000012,49.12269360000001,0.7832757759083978
8.542144500000012,49.13169360000001,0.6181830634793642
8.542144500000012,49.14069360000001,0.8453546591291623
8.542144500000012,49.14969360000001,0.6936690832372778
8.542144500000012,49.158693600000014,0.7238173160479715
8.542144500000012,49.167693600000014,0.9574731786080434
8.542144500000012,49.176693600000014,0.6406947699025358
8.542144500000012,49.185693600000015,0.731852192998105
8.542144500000012,49.194693600000015,0.9250961393467514
8.542144500000012,49.203693600000015,0.7632510868293706
8.542144500000012,49.212693600000016,0.19915126834021848
8.542144500000012,49.221693600000016,0.26997890590037626
8.542144500000012,49.230693600000016,0.08036502997538464
8.542144500000012,49.23969360000002,0.2969368302319219
8.542144500000012,49.24869360000002,0.16668587084264874
8.542144500000012,49.25769360000002,0.29611180227767786
8.551144500000012,48.924693600000005,0.17496359970895586
8.551144500000012,48.960693600000006,0.3697791373222298
8.551144500000012,48.96969360000001,0.3078887683738927
8.551144500000012,48.97869360000001,0.22195802002272202
8.551144500000012,48.98769360000001,0.06094351115657477
8.551144500000012,48.99669360000001,0.30307010826797864
8.551144500000012,49.00569360000001,0.040678072030101924
8.551144500000012,49.01469360000001,0.04416941655098952
8.551144500000012,49.02369360000001,0.006491905017489508
8.551144500000012,49.03269360000001,0.2937755881342527
8.551144500000012,49.04169360000001,0.6946751601296877
8.551144500000012,49.05069360000001,0.9121788508208769
8.551144500000012,49.05969360000001,0.6425872056693808
8.551144500000012,49.06869360000001,0.7650094808184951
8.551144500000012,49.07769360000001,0.9182651780319673
8.551144500000012,49.08669360000001,0.605925892112592
8.551144500000012,49.09569360000001,0.7922992763414953
8.551144500000012,49.10469360000001,0.9168104925950862
8.551144500000012,49.11369360000001,0.824127714861325
8.551144500000012,49.12269360000001,0.8738458178834578
8.551144500000012,49.13169360000001,0.6445945536294581
8.551144500000012,49.14069360000001,0.7991376817300143
8.551144500000012,49.14969360000001,0.8375139816097292
8.551144500000012,49.158693600000014,0.6521481265577009
8.551144500000012,49.167693600000014,0.9984818733357207
8.551144500000012,49.176693600000014,0.7257714352225832
8.551144500000012,49.185693600000015,0.6655278928911317
8.551144500000012,49.194693600000015,0.8162207679729748
8.551144500000012,49.203693600000015,0.6834790487715483
8.551144500000012,49.212693600000016,0.31115387126543603
8.551144500000012,49.221693600000016,0.0829919593045506
8.551144500000012,49.230693600000016,0.03968205305952264
8.551144500000012,49.23969360000002,0.06266126932073868
8.551144500000012,49.24869360000002,0.3354376808954317
8.551144500000012,49.25769360000002,0.3456881463189076
8.551144500000012,49.26669360000002,0.2192664556081171
8.560144500000012,48.97869360000001,0.048525862777501864
8.560144500000012,48.98769360000001,0.0034800341150648343
8.560144500000012,48.99669360000001,0.24952444097319254
8.560144500000012,49.00569360000001,0.328653250616581
8.560144500000012,49.01469360000001,0.08959045340645755
8.560144500000012,49.02369360000001,0.11139090520658619
8.560144500000012,49.03269360000001,0.7219577813449249
8.560144500000012,49.04169360000001,0.9991932794351739
8.560144500000012,49.05069360000001,0.8097662754972859
8.560144500000012,49.05969360000001,0.8236798387182763
8.560144500000012,49.06869360000001,0.8942629224809528
8.560144500000012,49.07769360000001,0.7937913193339186
8.560144500000012,49.08669360000001,0.9606373982963372
8.560144500000012,49.09569360000001,0.905987697589941
8.560144500000012,49.10469360000001,0.613288290262328
8.560144500000012,49.11369360000001,0.7513865122040898
8.560144500000012,49.12269360000001,0.726862807717944
8.560144500000012,49.13169360000001,0.7294251582795147
8.560144500000012,49.14069360000001,0.9555114934839792
8.560144500000012,49.14969360000001,0.8760003640772955
8.560144500000012,49.158693600000014,0.8718130515615775
8.560144500000012,49.167693600000014,0.6340142518779518
8.560144500000012,49.176693600000014,0.9564971321753444
8.560144500000012,49.185693600000015,0.9277966956665398
8.560144500000012,49.194693600000015,0.8308403043994741
8.560144500000012,49.203693600000015,0.8000065769399487
8.560144500000012,49.212693600000016,0.933364101532754
8.560144500000012,49.221693600000016,0.2996719098224507
8.560144500000012,49.230693600000016,0.25839974853018083
8.560144500000012,49.23969360000002,0.26031807593306705
8.560144500000012,49.24869360000002,0.31878831098878946
8.560144500000012,49.25769360000002,0.16097213967461388
8.569144500000013,48.98769360000001,0.282731004673248
8.569144500000013,48.99669360000001,0.15286303437431498
8.569144500000013,49.00569360000001,0.3414134994729874
8.569144500000013,49.01469360000001,0.25720909240160966
8.569144500000013,49.02369360000001,0.07935501927535471
8.569144500000013,49.03269360000001,0.9177926900104716
8.569144500000013,49.04169360000001,0.7306074791920327
8.569144500000013,49.05069360000001,0.8044849336398981
8.569144500000013,49.05969360000001,0.8127836942137637
8.569144500000013,49.06869360000001,0.6743728130558969
8.569144500000013,49.07769360000001,0.9586067191367373
8.569144500000013,49.08669360000001,0.7997291738161234
8.569144500000013,49.09569360000001,0.7550311932839814
8.569144500000013,49.10469360000001,0.6828920019834555
8.569144500000013,49.11369360000001,0.9090892964350306
8.569144500000013,49.12269360000001,0.6379891391430921
8.569144500000013,49.13169360000001,0.8923589849962155
8.569144500000013,49.14069360000001,0.9851481596271257
8.569144500000013,49.14969360000001,0.7269806031337696
8.569144500000013,49.158693600000014,0.8024344932839442
8.569144500000013,49.167693600000014,0.9222361410008765
8.569144500000013,49.176693600000014,0.7671968665558268
8.569144500000013,49.185693600000015,0.6534366065325085
8.569144500000013,49.194693600000015,0.9466940265360637
8.569144500000013,49.203693600000015,0.7209998661812935
8.569144500000013,49.212693600000016,0.8271165878532187
8.569144500000013,49.221693600000016,0.11113970391706461
8.569144500000013,49.230693600000016,0.17247778612604187
8.569144500000013,49.23969360000002,0.09001858221594379
8.569144500000013,49.24869360000002,0.37072415044994655
8.569144500000013,49.25769360000002,0.07192300669051464
8.578144500000013,48.99669360000001,0.16703640681857373
8.578144500000013,49.00569360000001,0.07487655080283018
8.578144500000013,49.01469360000001,0.12241410317501851
8.578144500000013,49.02369360000001,0.22677159071454844
8.578144500000013,49.03269360000001,0.9504419818137678
8.578144500000013,49.04169360000001,0.9934505980787887
8.578144500000013,49.05069360000001,0.8642279614859529
8.578144500000013,49.05969360000001,0.6395410275925848
8.578144500000013,49.06869360000001,0.6902900072078069
8.578144500000013,49.07769360000001,0.9306949222784393
8.578144500000013,49.08669360000001,0.7779557581692274
8.578144500000013,49.09569360000001,0.9184960837564338
8.578144500000013,49.10469360000001,0.6365324584632271
8.578144500000013,49.11369360000001,0.8950522500283482
8.578144500000013,49.12269360000001,0.8219978239961598
8.578144500000013,49.13169360000001,0.9568275150698393
8.578144500000013,49.14069360000001,0.7247733977763121
8.578144500000013,49.14969360000001,0.7247493471118575
8.578144500000013,49.158693600000014,0.8889233496432496
8.578144500000013,49.167693600000014,0.9539158229750602
8.578144500000013,49.176693600000014,0.650180457847469
8.578144500000013,49.185693600000015,0.7440352269878675
8.578144500000013,49.194693600000015,0.9193125461363506
8.578144500000013,49.203693600000015,0.7568065099519832
8.578144500000013,49.212693600000016,0.8040619685305448
8.578144500000013,49.221693600000016,0.832235992269796
8.578144500000013,49.230693600000016,0.11244535841550292
8.578144500000013,49.23969360000002,0.11939125298083467
8.578144500000013,49.24869360000002,0.2334902935254323
8.587144500000013,48.99669360000001,0.12430816124907224
8.587144500000013,49.00569360000001,0.21132293010999695
8.587144500000013,49.01469360000001,0.27253400616003093
8.587144500000013,49.02369360000001,0.07686028989118317
8.587144500000013,49.03269360000001,0.9264105551732577
8.587144500000013,49.04169360000001,0.9214212343501502
8.587144500000013,49.05069360000001,0.8742146832900142
8.587144500000013,49.05969360000001,0.7871883027949425
8.587144500000013,49.06869360000001,0.6993021954870227
8.587144500000013,49.07769360000001,0.7712568481499434
8.587144500000013,49.08669360000001,0.7980470203292118
8.587144500000013,49.09569360000001,0.6098203866180686
8.587144500000013,49.10469360000001,0.7423121566695976
8.587144500000013,49.11369360000001,0.7425444852501829
8.587144500000013,49.12269360000001,0.909942678447286
8.587144500000013,49.13169360000001,0.9351922778207071
8.587144500000013,49.14069360000001,0.9858644388685122
8.587144500000013,49.14969360000001,0.7288171998026128
8.587144500000013,49.158693600000014,0.8412064955845846
8.587144500000013,49.167693600000014,0.6020493879691248
8.587144500000013,49.176693600000014,0.9401816354862589
8.587144500000013,49.185693600000015,0.8479726938782463
8.587144500000013,49.194693600000015,0.6328527072969049
8.587144500000013,49.203693600000015,0.6804273128061887
8.587144500000013,49.212693600000016,0.88223637730764
8.587144500000013,49.221693600000016,0.6150480188442472
8.587144500000013,49.230693600000016,0.2948442720056207
8.587144500000013,49.23969360000002,0.19631714733460828
8.587144500000013,49.24869360000002,0.23598155794473588
8.596144500000014,48.98769360000001,0.1547766280356033
8.596144500000014,48.99669360000001,0.3264535297497724
8.596144500000014,49.00569360000001,0.26303463176707986
8.596144500000014,49.01469360000001,0.06485122062041775
8.596144500000014,49.02369360000001,0.0677598231891973
8.596144500000014,49.03269360000001,0.7144228443142566
8.596144500000014,49.04169360000001,0.8241843290363497
8.596144500000014,49.05069360000001,0.6893272817534234
8.596144500000014,49.05969360000001,0.7428182133888119
8.596144500000014,49.06869360000001,0.7830227454207637
8.596144500000014,49.07769360000001,0.967681506909458
8.596144500000014,49.08669360000001,0.8007780787016078
8.596144500000014,49.09569360000001,0.699964598570677
8.596144500000014,49.10469360000001,0.9251090393869646
8.596144500000014,49.11369360000001,0.6783144296885973
8.596144500000014,49.12269360000001,0.8503379354900049
8.596144500000014,49.13169360000001,0.7701369266583576
8.596144500000014,49.14069360000001,0.7083243131636481
8.596144500000014,49.14969360000001,0.6438123666781662
8.596144500000014,49.158693600000014,0.6735711847874597
8.596144500000014,49.167693600000014,0.6497170706090302
8.596144500000014,49.176693600000014,0.9242503561955853
8.596144500000014,49.185693600000015,0.6192774562531954
8.596144500000014,49.194693600000015,0.9355895805107174
8.596144500000014,49.203693600000015,0.7104217992191
8.596144500000014,49.212693600000016,0.7120595486655734
8.596144500000014,49.221693600000016,0.8091467910685377
8.596144500000014,49.230693600000016,0.38655881741689146
8.596144500000014,49.23969360000002,0.24961076049256736
8.605144500000014,48.98769360000001,0.08087105987153778
8.605144500000014,48.99669360000001,0.23585366221523826
8.605144500000014,49.00569360000001,0.32384203673988377
8.605144500000014,49.01469360000001,0.31904574788557793
8.605144500000014,49.02369360000001,0.14321087705724267
8.605144500000014,49.03269360000001,0.8424751142874828
8.605144500000014,49.04169360000001,0.9918891435189238
8.605144500000014,49.05069360000001,0.6218981473393093
8.605144500000014,49.05969360000001,0.7582062307215983
8.605144500000014,49.06869360000001,0.849884886349945
8.605144500000014,49.07769360000001,0.9980884462276962
8.605144500000014,49.08669360000001,0.9100171705342722
8.605144500000014,49.09569360000001,0.8401680158415614
8.605144500000014,49.10469360000001,0.7444720226065085
8.605144500000014,49.11369360000001,0.6654151040050741
8.605144500000014,49.12269360000001,0.6773560911244492
8.605144500000014,49.13169360000001,0.9700230452776883
8.605144500000014,49.14069360000001,0.9618545408753736
8.605144500000014,49.14969360000001,0.8967876751488744
8.605144500000014,49.158693600000014,0.7147683499970792
8.605144500000014,49.167693600000014,0.7300621305378552
8.605144500000014,49.176693600000014,0.9236903014256618
8.605144500000014,49.185693600000015,0.650048512180824
8.605144500000014,49.194693600000015,0.7857271492748255
8.605144500000014,49.203693600000015,0.7143630458965033
8.605144500000014,49.212693600000016,0.8524537076086266
8.605144500000014,49.221693600000016,0.9011183108173588
8.605144500000014,49.230693600000016,0.38468368319865465
8.605144500000014,49.23969360000002,0.16853478807086827
8.614144500000014,48.99669360000001,0.24288042315988512
8.614144500000014,49.00569360000001,0.27272539473698004
8.614144500000014,49.01469360000001,0.05027959324562184
8.614144500000014,49.02369360000001,0.35662050879621787
8.614144500000014,49.03269360000001,0.8689407624281924
8.614144500000014,49.04169360000001,0.9655272804153068
8.614144500000014,49.05069360000001,0.6706386533572323
8.614144500000014,49.05969360000001,0.9651286604519387
8.614144500000014,49.06869360000001,0.6652854358159102
8.614144500000014,49.07769360000001,0.743888707244385
8.614144500000014,49.08669360000001,0.8039365809079421
8.614144500000014,49.09569360000001,0.9190815269259265
8.614144500000014,49.10469360000001,0.7789270883603773
8.614144500000014,49.11369360000001,0.8178406939119334
8.614144500000014,49.12269360000001,0.6665435950459153
8.614144500000014,49.13169360000001,0.684279423355509
8.614144500000014,49.14069360000001,0.7743251061273846
8.614144500000014,49.14969360000001,0.9567752734983315
8.614144500000014,49.158693600000014,0.7787591622259801
8.614144500000014,49.167693600000014,0.7863509236673836
8.614144500000014,49.176693600000014,0.7735901264393177
8.614144500000014,49.185693600000015,0.9046932366225313
8.614144500000014,49.194693600000015,0.8088953273522423
8.614144500000014,49.203693600000015,0.8746325207853838
8.614144500000014,49.212693600000016,0.7699249601254678
8.614144500000014,49.221693600000016,0.6176219827250823
8.614144500000014,49.230693600000016,0.13798741700982475
8.614144500000014,49.23969360000002,0.16622323171342696
8.623144500000015,48.99669360000001,0.2376247240644176
8.623144500000015,49.00569360000001,0.11076940244955212
8.623144500000015,49.01469360000001,0.2899508720367174
8.623144500000015,49.02369360000001,0.31388625731748354
8.623144500000015,49.03269360000001,0.8257108447290586
8.623144500000015,49.04169360000001,0.8300955904481546
8.623144500000015,49.05069360000001,0.878236642099834
8.623144500000015,49.05969360000001,0.9355715672002947
8.623144500000015,49.06869360000001,0.7042906002976516
8.623144500000015,49.07769360000001,0.81230584810047
8.623144500000015,49.08669360000001,0.7949432676870443
8.623144500000015,49.09569360000001,0.8546087084979523
8.623144500000015,49.10469360000001,0.9403545842468303
8.623144500000015,49.11369360000001,0.6482694756059901
8.623144500000015,49.12269360000001,0.9495580316157347
8.623144500000015,49.13169360000001,0.9814185632124917
8.623144500000015,49.14069360000001,0.9954365795562538
8.623144500000015,49.14969360000001,0.9621720748660715
8.623144500000015,49.158693600000014,0.78380481361197
8.623144500000015,49.167693600000014,0.6475332388986951
8.623144500000015,49.176693600000014,0.8569772197803265
8.623144500000015,49.185693600000015,0.7047825333035439
8.623144500000015,49.194693600000015,0.88074350902163
8.623144500000015,49.203693600000015,0.6625637108199547
8.623144500000015,49.212693600000016,0.6236855398612549
8.623144500000015,49.221693600000016,0.24921414918950707
8.623144500000015,49.230693600000016,0.030878729309315747
8.623144500000015,49.23969360000002,0.24735568485704973
8.632144500000015,48.99669360000001,0.3635921946268956
8.632144500000015,49.00569360000001,0.21668521289465198
8.632144500000015,49.01469360000001,0.36356150691320366
8.632144500000015,49.02369360000001,0.05077562022819873
8.632144500000015,49.03269360000001,0.8790731630568293
8.632144500000015,49.04169360000001,0.7719066908402057
8.632144500000015,49.05069360000001,0.8167978943963576
8.632144500000015,49.05969360000001,0.9221051381631913
8.632144500000015,49.06869360000001,0.639490459649212
8.632144500000015,49.07769360000001,0.723008315404414
8.632144500000015,49.08669360000001,0.8801214378788578
8.632144500000015,49.09569360000001,0.7197778478831304
8.632144500000015,49.10469360000001,0.8405359263159511
8.632144500000015,49.11369360000001,0.9185193948252606
8.632144500000015,49.12269360000001,0.8776078004802652
8.632144500000015,49.13169360000001,0.6352347689659105
8.632144500000015,49.14069360000001,0.6806056655765507
8.632144500000015,49.14969360000001,0.7016646099613846
8.632144500000015,49.158693600000014,0.949850742429335
8.632144500000015,49.167693600000014,0.8684172535274304
8.632144500000015,49.176693600000014,0.6823268271036853
8.632144500000015,49.185693600000015,0.8227054438783205
8.632144500000015,49.194693600000015,0.6184811364812771
8.632144500000015,49.203693600000015,0.7178657347822448
8.632144500000015,49.212693600000016,0.9526936850734288
8.632144500000015,49.221693600000016,0.21996267146701454
8.632144500000015,49.230693600000016,0.24066363408688152
8.632144500000015,49.23969360000002,0.3375472263273587
8.641144500000015,48.99669360000001,0.32635461745687855
8.641144500000015,49.00569360000001,0.3322224854916127
8.641144500000015,49.01469360000001,0.3908709377967605
8.641144500000015,49.02369360000001,0.01448815359959217
8.641144500000015,49.03269360000001,0.06158113141516868
8.641144500000015,49.04169360000001,0.6128819976803945
8.641144500000015,49.05069360000001,0.7050227016942818
8.641144500000015,49.05969360000001,0.9338165945278472
8.641144500000015,49.06869360000001,0.829952285412161
8.641144500000015,49.07769360000001,0.6135858702632987
8.641144500000015,49.08669360000001,0.8248313209288392
8.641144500000015,49.09569360000001,0.7442866272382447
8.641144500000015,49.10469360000001,0.7274408230581575
8.641144500000015,49.11369360000001,0.6873663838957427
8.641144500000015,49.12269360000001,0.9063708389641357
8.641144500000015,49.13169360000001,0.7684378371875297
8.641144500000015,49.14069360000001,0.7824401762103999
8.641144500000015,49.14969360000001,0.9445565973358446
8.641144500000015,49.158693600000014,0.9411144127340746
8.641144500000015,49.167693600000014,0.6490029772951889
8.641144500000015,49.176693600000014,0.7109453566346875
8.641144500000015,49.185693600000015,0.8886900323003082
8.641144500000015,49.194693600000015,0.933115521430925
8.641144500000015,49.203693600000015,0.7487183910982074
8.641144500000015,49.212693600000016,0.6654293521103907
8.641144500000015,49.221693600000016,0.27216136970991794
8.641144500000015,49.230693600000016,0.003852527779335757
8.650144500000016,49.00569360000001,0.3406764988549762
8.650144500000016,49.01469360000001,0.2506915625443733
8.650144500000016,49.02369360000001,0.39869232663423754
8.650144500000016,49.03269360000001,0.31728636994297804
8.650144500000016,49.04169360000001,0.6974406169068434
8.650144500000016,49.05069360000001,0.7787705593304177
8.650144500000016,49.05969360000001,0.918472599116417
8.650144500000016,49.06869360000001,0.7974112608782509
8.650144500000016,49.07769360000001,0.9363390926650753
8.650144500000016,49.08669360000001,0.7411187445659797
8.650144500000016,49.09569360000001,0.7094896160124079
8.650144500000016,49.10469360000001,0.7369331994260895
8.650144500000016,49.11369360000001,0.9523922562913445
8.650144500000016,49.12269360000001,0.8450658842343276
8.650144500000016,49.13169360000001,0.9321567823776173
8.650144500000016,49.14069360000001,0.9424896358556639
8.650144500000016,49.14969360000001,0.7372496269377277
8.650144500000016,49.158693600000014,0.6955197147113862
8.650144500000016,49.167693600000014,0.9636911414792754
8.650144500000016,49.176693600000014,0.821410803829529
8.650144500000016,49.185693600000015,0.9666690520831036
8.650144500000016,49.194693600000015,0.6502827447475757
8.650144500000016,49.203693600000015,0.6292305673204893
8.650144500000016,49.212693600000016,0.23753534021753878
8.650144500000016,49.221693600000016,0.36705033234725426
8.650144500000016,49.230693600000016,0.12765599175197556
8.650144500000016,49.23969360000002,0.3221207874224348
8.659144500000016,49.01469360000001,0.396471450792557
8.659144500000016,49.02369360000001,0.02102263836441658
8.659144500000016,49.03269360000001,0.06404266186750829
8.659144500000016,49.04169360000001,0.3282407497321289
8.659144500000016,49.05069360000001,0.6252434154445171
8.659144500000016,49.05969360000001,0.6217878257385593
8.659144500000016,49.06869360000001,0.9338161979562298
8.659144500000016,49.07769360000001,0.8013206900841872
8.659144500000016,49.08669360000001,0.8645524577531385
8.659144500000016,49.09569360000001,0.7487511815370377
8.659144500000016,49.10469360000001,0.7934986791800481
8.659144500000016,49.11369360000001,0.7632162347935543
8.659144500000016,49.12269360000001,0.9757918492332219
8.659144500000016,49.13169360000001,0.7576338291284498
8.659144500000016,49.14069360000001,0.6753975112374004
8.659144500000016,49.14969360000001,0.8325693008935129
8.659144500000016,49.158693600000014,0.808515603216785
8.659144500000016,49.167693600000014,0.7118349330723456
8.659144500000016,49.176693600000014,0.9836753771654478
8.659144500000016,49.185693600000015,0.8257248005796326
8.659144500000016,49.194693600000015,0.880349461985698
8.659144500000016,49.203693600000015,0.21812011787370628
8.659144500000016,49.212693600000016,0.05780520114320256
8.659144500000016,49.221693600000016,0.3386404793527411
8.659144500000016,49.230693600000016,0.39151535401443205
8.668144500000016,48.99669360000001,0.04335005898630287
8.668144500000016,49.00569360000001,0.2422301747308104
8.668144500000016,49.01469360000001,0.06906502414835712
8.668144500000016,49.02369360000001,0.10572965478715468
8.668144500000016,49.03269360000001,0.04472034414145503
8.668144500000016,49.04169360000001,0.18028659918382864
8.668144500000016,49.05069360000001,0.10259320153062448
8.668144500000016,49.05969360000001,0.7696107972512373
8.668144500000016,49.06869360000001,0.6232687725417269
8.668144500000016,49.07769360000001,0.9917142411058261
8.668144500000016,49.08669360000001,0.9586337166587878
8.668144500000016,49.09569360000001,0.8042242847516278
8.668144500000016,49.10469360000001,0.6839961699241194
8.668144500000016,49.11369360000001,0.8692746035537828
8.668144500000016,49.12269360000001,0.7974929429120899
8.668144500000016,49.13169360000001,0.8555402517165263
8.668144500000016,49.14069360000001,0.7087621507213303
8.668144500000016,49.14969360000001,0.951260689115338
8.668144500000016,49.158693600000014,0.7652207495900882
8.668144500000016,49.167693600000014,0.8357749862261877
8.668144500000016,49.176693600000014,0.6658031540923265
8.668144500000016,49.185693600000015,0.695574102080972
8.668144500000016,49.194693600000015,0.8964064270316006
8.668144500000016,49.203693600000015,0.18972962184931755
8.668144500000016,49.212693600000016,0.05904916828801472
8.668144500000016,49.221693600000016,0.04935663033222455
8.668144500000016,49.230693600000016,0.025359235778198697
8.677144500000017,48.99669360000001,0.16401477829450656
8.677144500000017,49.00569360000001,0.09068142730220133
8.677144500000017,49.01469360000001,0.14918010924008906
8.677144500000017,49.02369360000001,0.15309875154817526
8.677144500000017,49.03269360000001,0.3275379365859228
8.677144500000017,49.04169360000001,0.2599871723405609
8.677144500000017,49.05069360000001,0.11501785796613172
8.677144500000017,49.05969360000001,0.270906742073844
8.677144500000017,49.06869360000001,0.8300960132554788
8.677144500000017,49.07769360000001,0.9455114087178409
8.677144500000017,49.08669360000001,0.8914450025092158
8.677144500000017,49.09569360000001,0.8217617420920935
8.677144500000017,49.10469360000001,0.8690363724682956
8.677144500000017,49.11369360000001,0.8441248277233602
8.677144500000017,49.12269360000001,0.8597723331337526
8.677144500000017,49.13169360000001,0.7813750313334387
8.677144500000017,49.14069360000001,0.8716334627547679
8.677144500000017,49.14969360000001,0.6512518353079738
8.677144500000017,49.158693600000014,0.9338583898287254
8.677144500000017,49.167693600000014,0.729801913698565
8.677144500000017,49.176693600000014,0.6083579895937907
8.677144500000017,49.185693600000015,0.2955494699420214
8.677144500000017,49.194693600000015,0.2737996641734298
8.677144500000017,49.203693600000015,0.31401358039080135
8.677144500000017,49.212693600000016,0.18831461739284078
8.677144500000017,49.221693600000016,0.10240449139123622
8.686144500000017,48.99669360000001,0.2414258292287247
8.686144500000017,49.00569360000001,0.3084320569212762
8.686144500000017,49.01469360000001,0.3179159559670752
8.686144500000017,49.02369360000001,0.052560884839840366
8.686144500000017,49.03269360000001,0.10423518213419802
8.686144500000017,49.04169360000001,0.1904672826762584
8.686144500000017,49.05069360000001,0.2700976400989986
8.686144500000017,49.05969360000001,0.35234491329033996
8.686144500000017,49.06869360000001,0.012460461137220725
8.686144500000017,49.07769360000001,0.8000505956973348
8.686144500000017,49.08669360000001,0.9498940466576967
8.686144500000017,49.09569360000001,0.9153281146160817
8.686144500000017,49.10469360000001,0.8701974513451729
8.686144500000017,49.11369360000001,0.6329691497864499
8.686144500000017,49.12269360000001,0.7473539963576592
8.686144500000017,49.13169360000001,0.9790546021534262
8.686144500000017,49.14069360000001,0.9453014024059588
8.686144500000017,49.14969360000001,0.7368457550691289
8.686144500000017,49.158693600000014,0.8585888932705303
8.686144500000017,49.167693600000014,0.8075454576282941
8.686144500000017,49.176693600000014,0.09625916189033297
8.686144500000017,49.185693600000015,0.005324136991394291
8.686144500000017,49.194693600000015,0.33615755777630785
8.686144500000017,49.203693600000015,0.2495387317487996
8.686144500000017,49.212693600000016,0.04196514132346421
8.686144500000017,49.221693600000016,0.38204921167073636
8.695144500000017,48.99669360000001,0.3811733624855184
8.695144500000017,49.00569360000001,0.3237149922626713
8.695144500000017,49.01469360000001,0.13041332018693322
8.695144500000017,49.02369360000001,0.38163331027398856
8.695144500000017,49.03269360000001,0.26093707824598983
8.695144500000017,49.04169360000001,0.39296545164497093
8.695144500000017,49.05069360000001,0.25038855175332747
8.695144500000017,49.05969360000001,0.272615936547851
8.695144500000017,49.06869360000001,0.29984024400937337
8.695144500000017,49.07769360000001,0.11903791523580072
8.695144500000017,49.08669360000001,0.32820280633137333
8.695144500000017,49.09569360000001,0.34018718283861016
8.695144500000017,49.10469360000001,0.9108861103879746
8.695144500000017,49.11369360000001,0.7799537989973542
8.695144500000017,49.12269360000001,0.6820758899959536
8.695144500000017,49.13169360000001,0.6786207444383456
8.695144500000017,49.14069360000001,0.9226196105327554
8.695144500000017,49.14969360000001,0.09603844533349455
8.695144500000017,49.158693600000014,0.38940383445930793
8.695144500000017,49.167693600000014,0.06962650655243277
8.695144500000017,49.176693600000014,0.07517799986152635
8.695144500000017,49.185693600000015,0.038788220568676396
8.695144500000017,49.194693600000015,0.10809015849587103
8.695144500000017,49.203693600000015,0.10688586505248679
8.695144500000017,49.212693600000016,0.3842903220210574
8.695144500000017,49.221693600000016,0.3722605202006069
8.695144500000017,49.230693600000016,0.392652997951626
8.704144500000018,48.99669360000001,0.12735554351848993
8.704144500000018,49.00569360000001,0.3290104196177903
8.704144500000018,49.01469360000001,0.07571965284302205
8.704144500000018,49.02369360000001,0.2584572356292394
8.704144500000018,49.03269360000001,0.3586032238908089
8.704144500000018,49.04169360000001,0.2778611188886941
8.704144500000018,49.05069360000001,0.019884214700597803
8.704144500000018,49.05969360000001,0.11397006398223236
8.704144500000018,49.06869360000001,0.18792257848207405
8.704144500000018,49.07769360000001,0.24037802845413522
8.704144500000018,49.08669360000001,0.024271710855852602
8.704144500000018,49.09569360000001,0.2784000595100679
8.704144500000018,49.10469360000001,0.37393050992867466
8.704144500000018,49.11369360000001,0.35495219735639066
8.704144500000018,49.12269360000001,0.3293122110591958
8.704144500000018,49.13169360000001,0.057595388789355086
8.704144500000018,49.14069360000001,0.37719265595482265
8.704144500000018,49.14969360000001,0.1484206589567248
8.704144500000018,49.158693600000014,0.050343633287265016
8.704144500000018,49.167693600000014,0.14242509750841634
8.704144500000018,49.176693600000014,0.3443467644911165
8.704144500000018,49.185693600000015,0.33629194051468286
8.704144500000018,49.194693600000015,0.1636133686399214
8.704144500000018,49.203693600000015,0.2771121049137527
8.704144500000018,49.212693600000016,0.021706559650582814
8.704144500000018,49.221693600000016,0.10869546762612786
8.713144500000018,48.99669360000001,0.2461957056584838
8.713144500000018,49.00569360000001,0.2778279898402563
8.713144500000018,49.01469360000001,0.24420407082449871
8.713144500000018,49.02369360000001,0.1133890365040617
8.713144500000018,49.03269360000001,0.01605258924835993
8.713144500000018,49.04169360000001,0.0981600822978923
8.713144500000018,49.05069360000001,0.25170574855409744
8.713144500000018,49.05969360000001,0.06747450501534136
8.713144500000018,49.06869360000001,0.07632953440499467
8.713144500000018,49.07769360000001,0.05919073401047244
8.713144500000018,49.08669360000001,0.3649471549120088
8.713144500000018,49.09569360000001,0.24538561262413794
8.713144500000018,49.10469360000001,0.2107230357349967
8.713144500000018,49.11369360000001,0.33875561381498415
8.713144500000018,49.12269360000001,0.011885530776454668
8.713144500000018,49.13169360000001,0.027252665337833906
8.713144500000018,49.14069360000001,0.3975340210849818
8.713144500000018,49.14969360000001,0.1810067083459544
8.713144500000018,49.158693600000014,0.15007338192998346
8.713144500000018,49.167693600000014,0.08884305976741379
8.713144500000018,49.176693600000014,0.23507236944468485
8.713144500000018,49.185693600000015,0.26908395425330917
8.713144500000018,49.194693600000015,0.3314111589997417
8.713144500000018,49.203693600000015,0.06227666649415001
8.713144500000018,49.212693600000016,0.2476622782920985
8.713144500000018,49.221693600000016,0.3967334863220344
8.713144500000018,49.230693600000016,0.2625780688674246
8.722144500000018,48.99669360000001,0.3140137245391872
8.722144500000018,49.00569360000001,0.36904394017659864
8.722144500000018,49.01469360000001,0.04744394748166503
8.722144500000018,49.02369360000001,0.17274618372379613
8.722144500000018,49.03269360000001,0.35954359128799174
8.722144500000018,49.04169360000001,0.3968527606608736
8.722144500000018,49.05069360000001,0.3211669810181875
8.722144500000018,49.05969360000001,0.3788901147812277
8.722144500000018,49.06869360000001,0.12586493461707612
8.722144500000018,49.07769360000001,0.3777853785536052
8.722144500000018,49.08669360000001,0.0186575193489805
8.722144500000018,49.09569360000001,0.20734238074681205
8.722144500000018,49.10469360000001,0.2697097263692038
8.722144500000018,49.11369360000001,0.18240869269786986
8.722144500000018,49.12269360000001,0.057283933951751735
8.722144500000018,49.13169360000001,0.3864967597276905
8.722144500000018,49.14069360000001,0.21946753045714296
8.722144500000018,49.14969360000001,0.33406575744337985
8.722144500000018,49.158693600000014,0.18936594876430413
8.722144500000018,49.167693600000014,0.0750499936435753
8.722144500000018,49.176693600000014,0.19814143132841
8.722144500000018,49.185693600000015,0.35446564992701357
8.722144500000018,49.194693600000015,0.28630243610287226
8.722144500000018,49.203693600000015,0.15580747756390229
8.722144500000018,49.212693600000016,0.17657199977234506
8.722144500000018,49.221693600000016,0.13165744562626655
8.722144500000018,49.230693600000016,0.16508660619086066
8.731144500000019,48.99669360000001,0.037525324241967487
8.731144500000019,49.00569360000001,0.36757900709925123
8.731144500000019,49.01469360000001,0.06971806853377248
8.731144500000019,49.02369360000001,0.18225171638028767
8.731144500000019,49.03269360000001,0.34386096027010815
8.731144500000019,49.04169360000001,0.3703617293639781
8.731144500000019,49.05069360000001,0.2418816523010631
8.731144500000019,49.05969360000001,0.07514054936589787
8.731144500000019,49.06869360000001,0.1684078286080363
8.731144500000019,49.07769360000001,0.34830721057884817
8.731144500000019,49.08669360000001,0.10429480518684212
8.731144500000019,49.09569360000001,0.04480967661756252
8.731144500000019,49.10469360000001,0.3666003989185336
8.731144500000019,49.11369360000001,0.356299581675085
8.731144500000019,49.12269360000001,0.38708206198204376
8.731144500000019,49.13169360000001,0.3064620518296388
8.731144500000019,49.14069360000001,0.15664346771812188
8.731144500000019,49.14969360000001,0.04010451958829662
8.731144500000019,49.158693600000014,0.2009452727352021
8.731144500000019,49.167693600000014,0.0014778359106185413
8.731144500000019,49.176693600000014,0.07212434048472481
8.731144500000019,49.185693600000015,0.06303441388066817
8.731144500000019,49.194693600000015,0.1482122690402512
8.731144500000019,49.203693600000015,0.2404216053553353
8.731144500000019,49.212693600000016,0.3209692094340073
8.731144500000019,49.221693600000016,0.24553008430798695
8.740144500000019,49.03269360000001,0.2876601126842923
8.740144500000019,49.04169360000001,0.00026501887462342387
8.740144500000019,49.05069360000001,0.03600178343022029
8.740144500000019,49.05969360000001,0.3535896264121585
8.740144500000019,49.06869360000001,0.1318033529753486
8.740144500000019,49.07769360000001,0.133596731821749
8.740144500000019,49.08669360000001,0.061307204276832034
8.740144500000019,49.09569360000001,0.3459793011050691
8.740144500000019,49.10469360000001,0.3156392295757935
8.740144500000019,49.11369360000001,0.31335870713153363
8.740144500000019,49.12269360000001,0.3882203336511089
8.740144500000019,49.13169360000001,0.0547341358225617
8.740144500000019,49.14069360000001,0.3987271800123309
8.740144500000019,49.14969360000001,0.33525508313069663
8.740144500000019,49.158693600000014,0.14172342041076202
8.740144500000019,49.167693600000014,0.2697490954636228
8.740144500000019,49.176693600000014,0.3375843132496935
8.740144500000019,49.185693600000015,0.028253039397992553
8.740144500000019,49.194693600000015,0.016754091555685014
8.740144500000019,49.203693600000015,0.041946854064380285
8.740144500000019,49.212693600000016,0.20205950610455142
8.740144500000019,49.221693600000016,0.19073824988687452
8.74914450000002,49.04169360000001,0.29915462427294365
8.74914450000002,49.05069360000001,0.3021328166206624
8.74914450000002,49.05969360000001,0.3499378270886347
8.74914450000002,49.06869360000001,0.09232202654260702
8.74914450000002,49.07769360000001,0.09077876236369412
8.74914450000002,49.08669360000001,0.3341456929070747
8.74914450000002,49.09569360000001,0.38350328336490924
8.74914450000002,49.10469360000001,0.36656040818059415
8.74914450000002,49.11369360000001,0.3516763661125442
8.74914450000002,49.12269360000001,0.17880372199958527
8.74914450000002,49.13169360000001,0.36681601461027125
8.74914450000002,49.14069360000001,0.09749356178192065
8.74914450000002,49.14969360000001,0.03020482107685765
8.74914450000002,49.158693600000014,0.14589815083908264
8.74914450000002,49.167693600000014,0.18546526378459727
8.74914450000002,49.176693600000014,0.28870867967797675
8.74914450000002,49.185693600000015,0.31688038190000967
8.74914450000002,49.194693600000015,0.3935029542978171
8.74914450000002,49.203693600000015,0.3202214753159939
8.74914450000002,49.212693600000016,0.22372589444516267
8.75814450000002,49.05069360000001,0.2113133227305264
8.75814450000002,49.05969360000001,0.3402020906263803
8.75814450000002,49.06869360000001,0.07478717697369967
8.75814450000002,49.07769360000001,0.028076100879863432
8.75814450000002,49.08669360000001,0.1151380932997995
8.75814450000002,49.09569360000001,0.12796667121466979
8.75814450000002,49.10469360000001,0.3175327980313225
8.75814450000002,49.11369360000001,0.2597840246043001
8.75814450000002,49.12269360000001,0.3917967309694592
8.75814450000002,49.13169360000001,0.26719707661679803
8.75814450000002,49.14069360000001,0.17678129077648413
8.75814450000002,49.14969360000001,0.09364209126156303
8.75814450000002,49.158693600000014,0.3344410243365455
8.75814450000002,49.167693600000014,0.10007650421038586
8.75814450000002,49.176693600000014,0.11045252671443913
8.75814450000002,49.185693600000015,0.005935066293677816
8.75814450000002,49.194693600000015,0.37049685549833256
8.75814450000002,49.203693600000015,0.09825641187539746
8.76714450000002,49.05069360000001,0.39505255895175223
8.76714450000002,49.05969360000001,0.18441391798976842
8.76714450000002,49.06869360000001,0.21034933601644512
8.76714450000002,49.07769360000001,0.22185848103647474
8.76714450000002,49.08669360000001,0.3863459622358931
8.76714450000002,49.09569360000001,0.10697497393166638
8.76714450000002,49.10469360000001,0.10191293641288675
8.76714450000002,49.11369360000001,0.18457346392270144
8.76714450000002,49.12269360000001,0.3759252184258973
8.76714450000002,49.13169360000001,0.2925329267261458
8.76714450000002,49.14069360000001,0.22619799720559444
8.76714450000002,49.14969360000001,0.06709026210742253
8.76714450000002,49.158693600000014,0.047865491541715204
8.76714450000002,49.167693600000014,0.15177102802950287
8.76714450000002,49.176693600000014,0.2939063129011362
8.76714450000002,49.185693600000015,0.04116170192702789
8.76714450000002,49.194693600000015,0.005929482059830172
8.77614450000002,49.05069360000001,0.29198676019714753
8.77614450000002,49.05969360000001,0.37575106057329766
8.77614450000002,49.06869360000001,0.299990844859673
8.77614450000002,49.07769360000001,0.18839976165059708
8.77614450000002,49.08669360000001,0.11866171769871335
8.77614450000002,49.09569360000001,0.23816448402695106
8.77614450000002,49.10469360000001,0.1278607369568094
8.77614450000002,49.11369360000001,0.12207841440198797
8.77614450000002,49.12269360000001,0.09481368445794942
8.77614450000002,49.13169360000001,0.2160713530395651
8.77614450000002,49.14069360000001,0.11318730538527975
8.77614450000002,49.14969360000001,0.33238551184537324
8.77614450000002,49.158693600000014,0.032376920361073494
8.77614450000002,49.167693600000014,0.15768179078008837
8.77614450000002,49.176693600000014,0.311523077248892
8.77614450000002,49.185693600000015,0.22283909042305636
8.77614450000002,49.194693600000015,0.2481842545043168
8.78514450000002,49.05069360000001,0.13417876398274461
8.78514450000002,49.05969360000001,0.2054361590409519
8.78514450000002,49.06869360000001,0.33359882882333336
8.78514450000002,49.07769360000001,0.13641029471807747
8.78514450000002,49.08669360000001,0.29133482614576467
8.78514450000002,49.09569360000001,0.1683548526563528
8.78514450000002,49.10469360000001,0.3462784518096659
8.78514450000002,49.11369360000001,0.24129957292195778
8.78514450000002,49.12269360000001,0.011011955379656824
8.78514450000002,49.13169360000001,0.39654117661599053
8.78514450000002,49.14069360000001,0.37844377427462206
8.78514450000002,49.14969360000001,0.2558391039176394
8.78514450000002,49.158693600000014,0.3636963521071266
8.78514450000002,49.167693600000014,0.24823856063771946
8.78514450000002,49.176693600000014,0.2818421882973046
8.78514450000002,49.185693600000015,0.21030481459675276
8.78514450000002,49.194693600000015,0.0845006560673435
8.794144500000021,49.05069360000001,0.19462835163008438
8.794144500000021,49.05969360000001,0.3062012314211521
8.794144500000021,49.06869360000001,0.33877256180084037
8.794144500000021,49.07769360000001,0.19196126113332382
8.794144500000021,49.08669360000001,0.16611809664958033
8.794144500000021,49.09569360000001,0.36640055049346315
8.794144500000021,49.10469360000001,0.32135782118770034
8.794144500000021,49.11369360000001,0.3059466058959914
8.794144500000021,49.12269360000001,0.07334742507132175
8.794144500000021,49.13169360000001,0.15133713913674943
8.794144500000021,49.14069360000001,0.3208394149635001
8.794144500000021,49.14969360000001,0.03784044052866156
8.794144500000021,49.158693600000014,0.27296787533581196
8.794144500000021,49.167693600000014,0.02219721435144293
8.794144500000021,49.176693600000014,0.2949125370286549
8.794144500000021,49.185693600000015,0.18156740530630344
8.794144500000021,49.194693600000015,0.07562133083986043
8.803144500000021,49.05069360000001,0.2583939456769013
8.803144500000021,49.05969360000001,0.1393882003015119
8.803144500000021,49.06869360000001,0.24415031017036926
8.803144500000021,49.07769360000001,0.21619692169389523
8.803144500000021,49.08669360000001,0.2815740939500291
8.803144500000021,49.09569360000001,0.2261225454149426
8.803144500000021,49.10469360000001,0.3989308324573724
8.803144500000021,49.11369360000001,0.16813163657122546
8.803144500000021,49.12269360000001,0.02493124678322345
8.803144500000021,49.13169360000001,0.3837621867937955
8.803144500000021,49.14069360000001,0.06763130044497988
8.803144500000021,49.14969360000001,0.061831999043821195
8.803144500000021,49.158693600000014,0.1944624766800107
8.803144500000021,49.167693600000014,0.2725021695968453
8.803144500000021,49.176693600000014,0.09680127966852195
8.803144500000021,49.185693600000015,0.0267800231441794
8.803144500000021,49.194693600000015,0.24808989483975458
8.812144500000022,49.04169360000001,0.27081491489022963
8.812144500000022,49.05069360000001,0.05129082504499847
8.812144500000022,49.05969360000001,0.16129532119233297
8.812144500000022,49.06869360000001,0.07834972785063643
8.812144500000022,49.07769360000001,0.13295385936759407
8.812144500000022,49.08669360000001,0.35617693606910544
8.812144500000022,49.09569360000001,0.04585531488841439
8.812144500000022,49.10469360000001,0.38454334143586744
8.812144500000022,49.11369360000001,0.310254180736527
8.812144500000022,49.12269360000001,0.02307615190258443
8.812144500000022,49.13169360000001,0.12645930881343767
8.812144500000022,49.14069360000001,0.1584196611884841
8.812144500000022,49.14969360000001,0.34820411548848273
8.812144500000022,49.158693600000014,0.17266447420075567
8.812144500000022,49.167693600000014,0.380957540628662
8.812144500000022,49.176693600000014,0.08626721937471525
8.812144500000022,49.185693600000015,0.22962397981542645
8.812144500000022,49.194693600000015,0.23276613612313046
8.821144500000022,49.04169360000001,0.33844680314569997
8.821144500000022,49.05069360000001,0.12853577468037877
8.821144500000022,49.05969360000001,0.0012060028631182718
8.821144500000022,49.06869360000001,0.14876090130265754
8.821144500000022,49.07769360000001,0.29081474071403396
8.821144500000022,49.08669360000001,0.25932487259637454
8.821144500000022,49.09569360000001,0.1931023981115071
8.821144500000022,49.10469360000001,0.21056919584154932
8.821144500000022,49.11369360000001,0.34197380083451445
8.821144500000022,49.12269360000001,0.06722292592471182
8.821144500000022,49.13169360000001,0.27557115162923485
8.821144500000022,49.14069360000001,0.3999411481288193
8.821144500000022,49.14969360000001,0.16651225542167267
8.821144500000022,49.176693600000014,0.004579903001141528
8.821144500000022,49.185693600000015,0.11885151587923884
8.830144500000022,49.04169360000001,0.18953545638437835
8.830144500000022,49.05069360000001,0.056321297108458436
8.830144500000022,49.05969360000001,0.07039317585032859
8.830144500000022,49.06869360000001,0.22655077897056133
8.830144500000022,49.07769360000001,0.15770883736850255
8.830144500000022,49.08669360000001,0.06755748027815893
8.830144500000022,49.09569360000001,0.004016771549019094
8.830144500000022,49.10469360000001,0.2571199302027759
8.830144500000022,49.11369360000001,0.15550404895676154
8.830144500000022,49.12269360000001,0.11404579939377375
8.830144500000022,49.14069360000001,0.2645504465734593
8.830144500000022,49.14969360000001,0.12079786235610929
8.830144500000022,49.158693600000014,0.070323883364807
8.839144500000023,49.05969360000001,0.37857550839777626
8.839144500000023,49.06869360000001,0.3353464032697644
8.839144500000023,49.07769360000001,0.0019052074497568406
8.839144500000023,49.08669360000001,0.37702107496877413
8.839144500000023,49.09569360000001,0.024309379056567028
8.839144500000023,49.10469360000001,0.11226147225046357
8.839144500000023,49.11369360000001,0.2232212183564285
8.839144500000023,49.12269360000001,0.08981535533446756
8.848144500000023,49.06869360000001,0.3610441957896395
8.848144500000023,49.07769360000001,0.14214713985334246
8.848144500000023,49.08669360000001,0.1506865239152198
8.848144500000023,49.09569360000001,0.13735062674678478
8.848144500000023,49.10469360000001,0.14230344786768787
8.848144500000023,49.11369360000001,0.0395220433072605
8.848144500000023,49.12269360000001,0.22867416773064733
8.857144500000024,49.06869360000001,0.08824692309946164
8.857144500000024,49.07769360000001,0.38531714317565297
8.857144500000024,49.08669360000001,0.14337503632340845
8.857144500000024,49.09569360000001,0.2082641424687045
8.857144500000024,49.10469360000001,0.34868506472661287
8.857144500000024,49.11369360000001,0.04320482018032937
8.857144500000024,49.12269360000001,0.2333038012332156
8.866144500000024,49.06869360000001,0.3062712102273947
8.866144500000024,49.07769360000001,0.03263312301864065
8.866144500000024,49.08669360000001,0.39592701911590805
8.866144500000024,49.09569360000001,0.2576301139490524
8.866144500000024,49.10469360000001,0.15148643769253206
8.866144500000024,49.11369360000001,0.2422181454526654
8.866144500000024,49.12269360000001,0.33069907333065934
8.875144500000024,49.06869360000001,0.19224185252180784
8.875144500000024,49.08669360000001,0.11644786892726917
8.875144500000024,49.09569360000001,0.2927091227778506
8.875144500000024,49.10469360000001,0.010598297147729375
8.875144500000024,49.11369360000001,0.3438500467595101
8.875144500000024,49.12269360000001,0.24387079620952462
8.884144500000025,49.08669360000001,0.0918587782842701
8.884144500000025,49.09569360000001,0.08532830348821761
8.884144500000025,49.10469360000001,0.05903736238720474
8.884144500000025,49.11369360000001,0.24687716611965138
8.893144500000025,49.09569360000001,0.17720771956198678
